"","Subd","Above_Bmsy_now","Above_Bmsy_future","Pop_inc_future"
"1","EYKT",0.646,0.644666666666667,0.481
"2","NSEO",0.339333333333333,0.35,0.534333333333333
"3","CSEO",0.770666666666667,0.777666666666667,0.544666666666667
"4","SSEO",0.885333333333333,0.89,0.534333333333333
"5","SEO",0.729333333333333,0.730333333333333,0.528666666666667
