"Species_Name","WGOA","CGOA","WY","OFL","ABC"
"Canary",0.29109,1.1491160988,0.0703099013,2,2
"China",0.0256161404,1.4511924453,0.1900378213,2,2
"Copper",0.0074722509,0.1958763915,0.0763053451,0,0
"Quillback",0.9445650822,24.6440042891,13.8589323025,39,29
"Rosethorn",0.2310633524,2.2586271347,2.0685423673,5,4
"Tiger",0.7022892201,5.7060216477,0.7175325711,7,5
"Yelloweye",82.1088774447,170.7932241078,52.5469594131,305,229
"Total",NA,NA,NA,360,271
