"","iter","harv_hist","Hmax","r_1","K_1","MSY_t_1","HMSYs_t_1","Bmsy_t_1","Fmsy_t_1","r_2","K_2","MSY_t_2","HMSYs_t_2","Bmsy_t_2","Fmsy_t_2","r_3","K_3","MSY_t_3","HMSYs_t_3","Bmsy_t_3","Fmsy_t_3","pe_med_1","pe_absmed_1","true_term_bio1","true_ss1","true_tot_cont1","true_reb_cont1","true_reb_len1","q1","pe_med_2","pe_absmed_2","true_term_bio2","true_ss2","true_tot_cont2","true_reb_cont2","true_reb_len2","q2","pe_med_3","pe_absmed_3","true_term_bio3","true_ss3","true_tot_cont3","true_reb_cont3","true_reb_len3","q3","obs_tot_bio_cont1","obs_reb_bio_cont1","obs_reb_bio_len1","obs_tot_ind_cont1","obs_reb_ind_cont1","obs_reb_ind_len1","Depl_1","obs_tot_bio_cont2","obs_reb_bio_cont2","obs_reb_bio_len2","obs_tot_ind_cont2","obs_reb_ind_cont2","obs_reb_ind_len2","Depl_2","obs_tot_bio_cont3","obs_reb_bio_cont3","obs_reb_bio_len3","obs_tot_ind_cont3","obs_reb_ind_cont3","obs_reb_ind_len3","Depl_3"
"1",1,"Harv1",3,0.0485143786784906,126866.933680139,2072.1142459312,0.0163329733431996,50746.7734720558,0.0408324333579991,0.0480477508694648,169655.577163212,2744.32779023,0.0161758772456381,67862.2308652848,0.0404396931140952,0.04870090555263,133578.692632727,2190.12551490625,0.0163957699520833,53431.4770530909,0.0409894248802083,-0.00768744457036948,0.0271447134090444,64923.6450558218,0.511745993794641,1.22820416730628,0.115324449486197,15,6.64048574632034e-05,0.00279110523241128,0.0271845450504373,94191.3625966381,0.555191666384325,1.41694290078581,0.341866556643035,14,7.07622500509024e-05,-0.00187074363622572,0.0298069641620574,78059.9092856231,0.58437395775573,1.56125639859185,0.496731538472308,11,1.12288530124351e-05,1.85718439719049,0.50308513195485,1,1.29578997100264,0.0536448675722109,17,0.511745993794641,2.57696530752794,0.94668172085066,15,1.76610281450744,0.449744117080188,12,0.555191666384325,2.20929625123908,1.02719719838543,13,1.67622978225466,0.491022490530701,11,0.58437395775573
