"","iter","harv_hist","Hmax","r_1","K_1","MSY_t_1","HMSYs_t_1","Bmsy_t_1","Fmsy_t_1","r_2","K_2","MSY_t_2","HMSYs_t_2","Bmsy_t_2","Fmsy_t_2","r_3","K_3","MSY_t_3","HMSYs_t_3","Bmsy_t_3","Fmsy_t_3","pe_med_1","pe_absmed_1","true_term_bio1","true_ss1","true_tot_cont1","true_reb_cont1","true_reb_len1","q1","pe_med_2","pe_absmed_2","true_term_bio2","true_ss2","true_tot_cont2","true_reb_cont2","true_reb_len2","q2","pe_med_3","pe_absmed_3","true_term_bio3","true_ss3","true_tot_cont3","true_reb_cont3","true_reb_len3","q3","obs_tot_bio_cont1","obs_reb_bio_cont1","obs_reb_bio_len1","obs_tot_ind_cont1","obs_reb_ind_cont1","obs_reb_ind_len1","Depl_1","obs_tot_bio_cont2","obs_reb_bio_cont2","obs_reb_bio_len2","obs_tot_ind_cont2","obs_reb_ind_cont2","obs_reb_ind_len2","Depl_2","obs_tot_bio_cont3","obs_reb_bio_cont3","obs_reb_bio_len3","obs_tot_ind_cont3","obs_reb_ind_cont3","obs_reb_ind_len3","Depl_3"
"1",1,"Harv1",3,0.0493872993765516,181909.167231061,3024.57698866353,0.0166268530316656,72763.6668924242,0.0415671325791641,0.0485592232751864,108263.60785868,1769.90113050154,0.0163480708384654,43305.4431434721,0.0408701770961635,0.0494913078147337,177365.501481108,2955.24071095049,0.0166618687753394,70946.2005924433,0.0416546719383485,-0.00726648095311048,0.0345335757191149,68334.6489147743,0.375652585050735,2.25027913008677,0.0593339347155782,3,4.10582752409391e-05,-0.011050937582031,0.0343098994400928,37789.5545631439,0.349051313830883,2.36164427018626,0.14278012272184,6,2.30239475169219e-05,0.00868910262542508,0.0371459551174474,119850.644248289,0.67572692123025,1.45657591045257,0.40004761092574,18,5.88851549476385e-05,3.7163449254587,0.514038617679341,1,2.48513600143327,0.141537507152253,3,0.375652585050735,1.81669659723915,0.236795211904463,2,2.64794120831474,0.119234521420736,5,0.349051313830883,2.21754431106161,0.818579063393056,16,1.60933078889647,0.435063194124996,18,0.67572692123025
