"","iter","harv_hist","Hmax","r_1","K_1","MSY_t_1","HMSYs_t_1","Bmsy_t_1","Fmsy_t_1","r_2","K_2","MSY_t_2","HMSYs_t_2","Bmsy_t_2","Fmsy_t_2","r_3","K_3","MSY_t_3","HMSYs_t_3","Bmsy_t_3","Fmsy_t_3","pe_med_1","pe_absmed_1","true_term_bio1","true_ss1","true_tot_cont1","true_reb_cont1","true_reb_len1","q1","pe_med_2","pe_absmed_2","true_term_bio2","true_ss2","true_tot_cont2","true_reb_cont2","true_reb_len2","q2","pe_med_3","pe_absmed_3","true_term_bio3","true_ss3","true_tot_cont3","true_reb_cont3","true_reb_len3","q3","obs_tot_bio_cont1","obs_reb_bio_cont1","obs_reb_bio_len1","obs_tot_ind_cont1","obs_reb_ind_cont1","obs_reb_ind_len1","Depl_1","obs_tot_bio_cont2","obs_reb_bio_cont2","obs_reb_bio_len2","obs_tot_ind_cont2","obs_reb_ind_cont2","obs_reb_ind_len2","Depl_2","obs_tot_bio_cont3","obs_reb_bio_cont3","obs_reb_bio_len3","obs_tot_ind_cont3","obs_reb_ind_cont3","obs_reb_ind_len3","Depl_3"
"1",1,"Harv2",3,0.0520915417934652,145379.536761902,2549.56020590472,0.0175372701185608,58151.8147047609,0.043843175296402,0.0526710983492359,137815.451761708,2443.79666246258,0.0177323850934224,55126.1807046831,0.044330962733556,0.0488102684526179,112660.299311392,1851.30032111587,0.0164325883424017,45064.1197245568,0.0410814708560043,-0.00027835650077206,0.0257319321246003,83427.1757779941,0.573857763177691,1.03319175747017,0.0465908495382173,1,8.85970690753311e-05,-0.00573466338596709,0.0280498234099299,60774.8382143367,0.440987113109933,1.26763996105871,0,0,4.95831928122789e-05,-0.0117502972302342,0.0308156890178522,47310.1551869454,0.419936352700259,1.42184791415652,0.0170219798656185,1,7.47219369444065e-05,1.84236768785034,0.711433446986956,3,1.04029698577192,0.0715884934683735,4,0.573857763177691,2.25611828847169,0.0814966926198944,10,1.34744390676315,0,0,0.440987113109933,2.07396276768318,0,0,1.28996124085818,0.0425008641515172,6,0.419936352700259
