"","iter","harv_hist","Hmax","r_1","K_1","MSY_t_1","HMSYs_t_1","Bmsy_t_1","Fmsy_t_1","r_2","K_2","MSY_t_2","HMSYs_t_2","Bmsy_t_2","Fmsy_t_2","r_3","K_3","MSY_t_3","HMSYs_t_3","Bmsy_t_3","Fmsy_t_3","pe_med_1","pe_absmed_1","true_term_bio1","true_ss1","true_tot_cont1","true_reb_cont1","true_reb_len1","q1","pe_med_2","pe_absmed_2","true_term_bio2","true_ss2","true_tot_cont2","true_reb_cont2","true_reb_len2","q2","pe_med_3","pe_absmed_3","true_term_bio3","true_ss3","true_tot_cont3","true_reb_cont3","true_reb_len3","q3","obs_tot_bio_cont1","obs_reb_bio_cont1","obs_reb_bio_len1","obs_tot_ind_cont1","obs_reb_ind_cont1","obs_reb_ind_len1","Depl_1","obs_tot_bio_cont2","obs_reb_bio_cont2","obs_reb_bio_len2","obs_tot_ind_cont2","obs_reb_ind_cont2","obs_reb_ind_len2","Depl_2","obs_tot_bio_cont3","obs_reb_bio_cont3","obs_reb_bio_len3","obs_tot_ind_cont3","obs_reb_ind_cont3","obs_reb_ind_len3","Depl_3"
"1",1,"Harv2",3,0.0511212584795062,194316.798495129,3344.31104064415,0.0172106120857482,77726.7193980515,0.0430265302143704,0.0499907562218307,119556.43966794,2012.13659385946,0.0168300143383998,47822.5758671761,0.0420750358459994,0.0500574359229276,138059.51946415,2326.64292908495,0.0168524628951002,55223.80778566,0.0421311572377504,0.00694914330397584,0.0281226485864985,118527.355847387,0.609969682319351,0.761575836963426,0.0745078536540259,3,3.1134916250594e-05,0.00832122474478661,0.0348619594697798,83997.662327224,0.70257748190329,1.15473748519033,0.235877453793053,6,8.13377944706008e-05,0.00347881037319465,0.0252611796601203,73967.2336650681,0.535763371856985,1.02965119059092,0.0261329245299665,1,8.92633126745932e-05,1.10459877455901,0.281413012747685,19,0.867167936242421,0.0717391367471346,3,0.609969682319351,2.1010266950388,0.304021722415728,3,1.21169209027276,0.183954287150424,6,0.70257748190329,1.51391148615652,0.167536185688397,17,1.11788792242385,0.081486151486361,1,0.535763371856985
