"","iter","harv_hist","Hmax","r_1","K_1","MSY_t_1","HMSYs_t_1","Bmsy_t_1","Fmsy_t_1","r_2","K_2","MSY_t_2","HMSYs_t_2","Bmsy_t_2","Fmsy_t_2","r_3","K_3","MSY_t_3","HMSYs_t_3","Bmsy_t_3","Fmsy_t_3","pe_med_1","pe_absmed_1","true_term_bio1","true_ss1","true_tot_cont1","true_reb_cont1","true_reb_len1","q1","pe_med_2","pe_absmed_2","true_term_bio2","true_ss2","true_tot_cont2","true_reb_cont2","true_reb_len2","q2","pe_med_3","pe_absmed_3","true_term_bio3","true_ss3","true_tot_cont3","true_reb_cont3","true_reb_len3","q3","obs_tot_bio_cont1","obs_reb_bio_cont1","obs_reb_bio_len1","obs_tot_ind_cont1","obs_reb_ind_cont1","obs_reb_ind_len1","Depl_1","obs_tot_bio_cont2","obs_reb_bio_cont2","obs_reb_bio_len2","obs_tot_ind_cont2","obs_reb_ind_cont2","obs_reb_ind_len2","Depl_2","obs_tot_bio_cont3","obs_reb_bio_cont3","obs_reb_bio_len3","obs_tot_ind_cont3","obs_reb_ind_cont3","obs_reb_ind_len3","Depl_3"
"1",1,"Harv1",3,0.0529674084541223,172838.212293573,3082.07547589704,0.0178321416022402,69135.2849174291,0.0445803540056005,0.050579623332421,109730.882174335,1868.52641176339,0.0170282638281788,43892.3528697342,0.042570659570447,0.0520598965005011,112379.188393243,1969.62691892275,0.0175266163342499,44951.6753572971,0.0438165408356247,-0.0106623344285755,0.0462197266061473,60337.8003316433,0.349099886714618,1.86450966630499,0,0,5.73417673096992e-05,-0.000580927095173712,0.0331433454554898,58720.9459338977,0.535136005200473,1.47350972751452,0.323664114406633,8,3.68618376785889e-05,-0.00894536266219362,0.037184606949417,45559.6617155028,0.405410133022835,1.61900067571954,0.061769412330356,1,6.78163520828821e-05,3.38306257633616,0.338704513029475,1,1.76051035716102,0.0935461483046031,2,0.349099886714618,2.29629292955897,0.373379608977767,11,1.71004846705629,0.42227305660561,7,0.535136005200473,2.95380897845003,0,0,1.83736282677645,0,0,0.405410133022835
